customer_id,name,age,gender,income,location
1,Lawrence Bryant,40,Male,69022.21,North Eric
2,Kathy Pearson,33,Male,50669.6,Parsonsfurt
3,Sharon Roberts,58,Male,98330.22,Jaredmouth
4,Thomas Johnson II,48,Female,79209.31,South Joanna
5,Whitney Bright,40,Male,98595.86,West Cherylmouth
6,Mary Miller,28,Female,76993.71,West Amandamouth
7,Randy Snyder,29,Female,61959.37,West Lauraburgh
8,Morgan Carlson,24,Male,32906.81,East Sierra
9,Stephanie Garcia,21,Female,52857.8,Theresatown
10,Maxwell Steele,45,Male,33234.75,Andersonfort
11,Kevin Green,59,Male,99133.78,South Robert
12,Misty Clark,26,Male,57330.33,Lake Patriciatown
13,Brittany Jones,41,Male,53431.05,Danielleburgh
14,Justin Foster,45,Male,85155.62,Lake Debrafort
15,Mrs. Christy Figueroa,48,Male,56067.8,Lake John
16,Nicole Barnes,26,Male,76882.32,Masonstad
17,Jeffrey Daniel,47,Female,43226.91,South Michelle
18,Tiffany Thomas,25,Male,43035.02,Andreaville
19,Sandra Jones,43,Male,88982.0,Desireeport
20,Debbie Hogan,40,Female,30773.1,Millerfurt
21,Melinda Vasquez,24,Female,66975.76,Jonesmouth
22,Carol Jimenez,53,Male,60579.77,Lake Charles
23,Jennifer Roberts DDS,33,Male,68715.96,South Sheilahaven
24,Kyle Maldonado,39,Male,86620.17,West Beth
25,Johnny Graham,57,Male,39166.97,Lake Kimberlyburgh
26,Steven Tate,33,Female,88118.12,Kathrynfort
27,Scott Hernandez,47,Female,62678.04,South Kimberlystad
28,Randy Dyer,29,Male,56313.35,New Michael
29,Danielle Garcia,19,Male,98307.71,Port Jennifer
30,Miguel Wolfe,48,Male,56046.04,Port Amandaview
31,Daniel Peterson,58,Female,51899.19,New Robertburgh
32,Natalie Dixon,48,Female,31658.51,Austinhaven
33,Roger Cohen,21,Male,53452.48,Lopezhaven
34,Amber Murphy,23,Female,38680.11,East Pamelaberg
35,Jordan Blanchard,39,Male,33315.53,South Michaelmouth
36,Debra Kelley,36,Female,50358.98,West Gail
37,Jennifer Rocha,54,Male,85593.82,New Ericaton
38,Nina Rhodes,28,Male,87544.27,North Jessefort
39,Pamela Brown,28,Female,79477.84,Jensenberg
40,Reginald Bush,26,Male,33073.9,West Stephenville
41,Jill Hunt,26,Male,89179.02,Payneport
42,Brandy Carter,56,Female,95680.04,Port Juliefurt
43,Melinda Carson,30,Female,97638.88,Lake Steven
44,Samantha Lam,35,Male,74456.38,West Michelle
45,Peter Gilbert,37,Male,96750.2,North Mariahton
46,Michael Carter,36,Male,85344.05,Stantonton
47,Charles Flores,54,Male,68068.15,Maureenville
48,Megan Evans,33,Female,46218.59,Lake Brandon
49,Joshua Sanchez,51,Male,99440.87,Port Louis
50,Christopher Howard,20,Female,71240.05,Davidshire
51,Brenda Myers,46,Female,41202.37,East Alexishaven
52,Brittany Cooper,26,Female,43230.42,Lake Amanda
53,John Ward,33,Male,90021.96,Taylorchester
54,Christopher Le,40,Male,60941.74,New Franklinbury
55,Carol Jones,45,Female,93705.01,Vargaschester
56,James Barrett,56,Female,46592.56,Michaelstad
57,Crystal Flores,43,Female,90966.41,North Katherinehaven
58,Kristi Boyd,52,Male,47573.81,Taraview
59,Michael Lawrence,47,Female,63841.19,Williamsbury
60,Sherry Frey,44,Female,50863.89,Hamiltonland
61,Kimberly Snyder,39,Male,48214.77,North Isabella
62,Jocelyn Brown,22,Male,39058.57,Matthewborough
63,Eric Lynch,28,Female,79551.27,West Victormouth
64,Jason Cruz,56,Male,37265.82,Tiffanybury
65,Michael Miller,31,Male,59646.28,Port Alishabury
66,Paula Green,40,Female,46576.09,Juanburgh
67,Maria Mooney,23,Female,83914.87,Adamschester
68,Michelle Stone,25,Male,84821.89,Freyview
69,Brian Wilson,53,Female,50991.8,New Joel
70,Donna Mcpherson,31,Female,66349.09,Tracyberg
71,Jason Robinson,41,Female,69398.38,North Brookeberg
72,Maria Buchanan,21,Male,67056.81,West Davidhaven
73,Daniel Ross,38,Female,72442.66,Mooreburgh
74,Bobby Perez,20,Female,96058.04,Karenburgh
75,Mike Moore,31,Female,65417.71,South Keith
76,Daniel Medina,31,Female,95364.98,West Karen
77,Adam Bishop,56,Female,63104.15,North Pamela
78,Daniel Farrell,54,Female,36505.18,New Kathrynfurt
79,Brenda Benson,54,Female,69101.51,Hawkinston
80,Pamela Ferguson,24,Female,97479.54,Clarkfurt
81,Lisa Thomas,28,Male,67439.34,North Joseph
82,Denise Williams,45,Female,51738.53,Johnland
83,Susan Bailey,26,Female,60494.53,North Kristen
84,Charles Yang,25,Female,52140.79,Port Staceyfurt
85,Paul Bradford,52,Male,81080.27,Brianstad
86,Cindy Holmes,49,Male,76794.78,Fosterstad
87,Katherine Mcknight,56,Female,60358.39,Lake Lisafort
88,Stephanie Davidson,45,Male,56014.31,North Angelaville
89,Andrea Hill,38,Male,81931.98,New Michaelchester
90,Lisa Ryan,35,Female,89581.38,Lake Johnnyton
91,Steven Baker,22,Male,94807.4,Janetview
92,Christian Hardy,26,Female,33969.92,New Lucas
93,Rachel Case,44,Female,90403.37,Port Colinborough
94,Jay Jacobs,50,Female,97228.33,Lake Davidstad
95,Jessica Black,36,Male,34421.2,Leside
96,Sherry Oconnor,40,Male,72277.35,Wrightville
97,Lucas Marshall,40,Male,59575.85,East Zachary
98,Brian Huffman,58,Female,30622.06,Patriciabury
99,Jennifer Hill,21,Male,90124.27,New Edwin
100,Jennifer Perez,49,Female,73228.69,New Kristina
